;PPH AGE;PPH NB HEURES PRATIQUE;AC EXPERIENCEmoins d'un an 1 : 1/2 : 1 Ã  2 ans2/4 : 2 Ã  4 ans4 : plus de 4 anscase grisÃ©e : sans objet;AC FREQUEE;AC BREVET VOL VOL LIBRE
0;45;40;3;2;3
1;55;40;3;3;0
2;66;61;4;3;2
3;52;300;4;3;3
4;60;22;4;3;2
5;47;200;4;4;3
6;56;50;4;2;3
7;42;15;3;4;1
8;47;10;4;2;1
9;56;50;4;3;1
10;69;30;4;3;2
11;66;50;4;3;3
12;52;30;4;3;3
13;28;100;2;2;2
14;52;150;4;3;3
15;29;15;4;3;1
16;55;60;4;3;3
17;42;0;2;2;2
18;46;100;4;3;3
19;50;200;4;3;3
20;33;350;4;3;3
21;39;20;3;4;1
22;76;50;4;2;2
23;55;40;3;3;0
24;60;80;4;3;3
25;46;30;3;2;2
26;38;100;4;3;3
27;34;20;3;3;2
28;44;10;4;4;3
29;41;100;4;3;3
30;57;50;4;4;3
31;64;30;4;3;1
32;60;0;2;3;0
33;65;100;4;3;3
34;30;100;4;3;3
35;48;50;3;2;1
36;32;15;3;2;2
37;52;20;4;3;3
38;63;15;4;4;2
39;71;7;4;2;2
40;36;10;3;4;1
41;67;26;4;2;3
42;41;30;4;2;3
43;59;90;4;2;0
44;57;0;4;2;3
45;33;15;4;4;1
46;32;200;4;3;3
47;47;2;4;4;0
48;32;20;2;4;1
49;34;50;4;3;2
50;60;30;4;3;2
51;34;40;2;2;0
52;38;5;4;2;3
53;43;40;4;2;3
54;24;250;4;3;3
55;63;30;4;3;2
56;39;15;3;3;0
57;74;30;4;4;2
58;53;60;4;3;3
59;52;20;1;3;1
60;70;100;4;2;3
61;41;0;4;3;3
62;68;0;3;4;2
63;45;0;3;4;0
64;67;12;4;3;2
65;29;20;3;4;1
66;72;50;3;2;2
67;27;0;1;4;0
68;55;50;4;2;0
69;35;30;4;4;1
70;64;5;4;2;3
71;63;20;3;2;0
72;44;0;4;3;3
73;68;15;4;4;2
74;31;20;1;3;0
75;50;60;4;3;3
76;47;40;4;2;3
77;44;180;3;2;3
78;62;20;4;4;2
79;46;150;4;3;3
80;42;400;4;3;3
81;39;400;4;3;3
82;61;31;3;3;0
83;37;15;3;2;0
84;40;100;4;3;3
85;34;400;4;3;3
86;56;130;4;3;3
87;40;50;3;3;0
88;65;12;4;3;3
89;57;10;4;4;3
90;57;50;3;4;2
91;53;10;4;2;3
92;33;150;4;3;3
93;64;20;4;4;2
94;39;70;2;2;0
95;73;0;4;3;2
96;50;0;4;2;3
97;64;155;3;3;3
98;87;20;4;3;2
99;59;25;2;3;1
100;63;50;4;2;2
101;53;30;4;4;3
102;40;350;4;3;2
103;59;40;4;2;3
104;44;20;4;3;1
105;54;200;4;3;3
106;53;40;4;4;3
107;84;90;4;3;0
108;51;50;4;2;3
109;37;110;3;3;0
110;54;120;4;3;3
111;41;0;2;4;0
112;42;69;4;3;3
113;41;50;4;3;3
114;20;150;3;3;3
115;31;5;4;4;2
116;48;80;4;2;3
117;62;4;4;2;3
118;65;140;4;3;3
119;46;100;4;3;2
120;46;30;3;2;2
121;56;60;3;2;3
122;61;70;4;2;3
123;38;20;4;2;3
124;34;20;3;3;0
125;45;100;3;3;3
126;63;20;3;4;0
127;30;30;3;3;1
128;46;100;4;2;3
129;47;24;2;2;1
130;42;50;4;4;2
131;58;65;4;2;3
132;28;30;3;4;1
133;42;10;1;4;0
134;54;80;4;3;3
135;60;50;4;2;2
136;62;300;4;3;3
137;34;10;3;4;0
138;56;70;3;4;2
139;70;200;4;3;3
140;50;50;4;2;3
141;68;103;4;3;2
142;65;150;4;3;3
143;40;100;4;2;3
144;51;40;3;3;1
145;49;5;4;2;3
146;34;0;3;4;2
147;52;50;3;3;1
148;47;10;4;2;3
149;64;20;4;3;3
150;44;20;2;2;0
151;46;300;4;3;3
152;66;60;3;2;0
153;49;65;2;3;2
154;42;200;4;3;3
155;17;5;1;2;1
156;45;200;4;3;3
157;52;200;4;3;3
158;49;100;4;2;3
159;33;100;3;3;1
160;51;250;4;3;3
161;41;4;4;3;3
162;51;60;3;3;3
163;36;125;4;3;0
164;35;25;2;3;1
165;31;41;3;2;3
166;42;35;1;3;0
167;62;30;4;3;3
168;45;40;2;2;2
169;50;20;3;2;1
170;55;35;3;2;0
171;42;20;3;2;1
172;42;30;4;2;3
173;47;40;3;2;0
174;45;4;2;2;0
175;60;80;4;3;3
176;53;60;4;3;2
177;33;105;4;3;3
178;56;20;4;3;0
179;35;50;3;2;2
180;37;300;4;3;3
181;50;60;3;3;1
182;40;20;4;3;3
183;23;130;3;3;3
184;49;300;3;2;2
185;33;15;3;4;0
186;57;70;4;3;3
187;35;45;4;3;3
188;52;10;4;4;2
189;60;10;1;2;0
190;40;20;4;2;1
191;32;30;2;2;0
192;47;100;4;2;3
193;43;50;3;2;1
194;55;1;4;2;2
195;58;20;4;3;3
196;55;50;4;3;3
197;30;58;4;3;3
198;42;40;2;3;2
199;56;60;4;2;3
200;43;50;4;3;0
201;57;34;3;2;1
202;33;100;3;4;0
203;57;80;4;4;0
204;69;120;4;3;2
205;19;20;1;3;0
206;63;20;4;3;2
207;25;200;4;3;3
208;33;0;2;4;0
209;76;60;4;3;0
210;46;84;4;2;3
211;30;50;2;3;1
212;71;3;4;4;3
213;62;80;4;3;3
214;59;20;4;3;2
215;57;20;1;3;0
216;56;0;1;4;0
217;27;80;4;2;3
218;52;31;4;4;3
219;53;200;4;3;3
220;32;50;3;4;2
221;31;150;4;3;3
222;64;500;4;3;3
223;61;85;4;3;3
224;50;25;4;3;0
225;67;200;4;3;3
226;39;250;4;3;3
227;55;0;1;3;0
228;21;0;1;2;1
229;50;250;4;3;3
230;26;50;1;3;1
231;48;92;4;4;2
232;63;20;4;2;0
233;44;42;1;2;1
234;47;300;4;3;3
235;44;200;4;3;3
236;37;20;3;2;1
237;32;105;4;2;3
238;35;110;4;3;3
239;53;80;4;2;3
240;58;30;3;2;0
241;51;250;4;3;3
242;70;90;3;3;2
243;48;30;2;3;2
244;35;42;4;3;2
245;43;30;4;4;2
246;39;100;2;3;0
247;25;0;1;3;0
248;28;57;3;3;0
249;57;10;1;2;1
250;29;300;4;3;3
251;40;0;1;3;1
252;29;105;3;2;3
253;57;15;4;2;1
254;66;60;4;4;2
255;42;100;4;3;2
256;55;80;3;4;0
257;20;10;1;4;0
258;49;200;4;3;3
259;30;0;1;3;0
260;48;50;4;2;3
261;60;10;4;2;3
262;29;200;4;3;3
263;71;50;4;3;3
264;53;50;4;2;3
265;19;0;2;3;1
266;30;200;4;3;3
267;55;50;4;2;3
268;55;140;4;3;3
269;32;30;3;2;1
270;36;20;3;2;3
271;44;10;4;4;2
272;20;0;2;4;0
273;44;20;1;3;2
274;30;0;1;2;1
275;73;15;4;4;3
276;35;80;4;3;3
277;57;150;4;3;3
278;29;300;4;4;3
279;65;81;4;2;2
280;37;20;1;2;0
281;62;50;4;3;2
282;58;20;2;4;0
283;34;22;4;3;3
284;28;12;2;2;0
285;54;30;4;3;3
286;55;100;4;3;3
287;36;200;4;3;3
288;59;54;4;2;3
289;43;200;4;3;3
290;41;300;4;3;3
291;47;200;4;3;3
292;62;90;4;3;3
293;52;45;3;2;3
294;56;150;4;3;3
295;47;50;4;2;3
296;60;150;4;4;3
297;54;25;4;4;3
298;55;100;4;4;3
299;70;80;4;3;3
300;73;40;4;2;3
301;50;100;4;3;3
302;52;85;4;2;3
303;43;175;4;3;3
304;42;200;4;3;3
305;42;150;4;3;3
306;44;500;4;3;3
307;47;200;4;3;3
308;69;100;4;3;3
309;46;150;4;3;3
310;46;150;4;3;3
311;50;100;4;3;3
312;60;150;4;3;3
313;39;100;4;3;3
314;57;120;4;3;3
315;50;100;4;3;3
316;45;200;4;3;3
317;47;50;4;3;3
318;58;200;4;3;3
319;52;1600;4;3;3
320;41;200;4;3;3
321;48;300;4;3;3
322;49;100;4;4;3
323;52;100;4;3;3
324;59;200;4;3;3
325;36;200;4;3;3
326;37;60;4;3;3
327;51;120;4;3;3
328;50;250;4;3;3
329;52;100;4;3;3
330;52;1600;4;3;3
331;60;150;4;4;3
332;57;25;3;2;1
333;44;500;4;3;3
334;52;1600;4;3;3
335;41;300;4;3;3
336;61;25;1;3;3
337;58;100;4;3;3
338;45;1000;4;3;3
339;47;50;4;2;3
340;60;100;4;3;3
341;73;110;4;4;1
342;41;0;1;2;0
343;53;90;4;2;3
344;70;300;4;3;3
345;65;30;4;3;2
346;37;30;3;2;1
347;35;100;3;2;1
348;77;50;4;3;3
349;28;130;4;2;3
350;64;30;4;4;0
351;35;0;1;3;0
352;64;40;4;3;3
353;51;30;3;2;2
354;44;28;4;2;2
355;56;150;4;3;3
356;82;44;4;3;1
357;51;10;4;4;3
358;33;350;4;3;3
359;53;37;4;2;3
360;58;10;4;2;1
361;54;150;4;3;3
362;56;30;3;4;0
363;50;300;4;3;3
364;45;200;4;3;3
365;70;80;4;2;3
366;50;50;4;3;3
367;56;30;4;2;3
368;75;0;4;2;3
369;60;30;4;3;3
370;46;100;4;3;3
371;49;40;4;4;0
372;65;80;4;3;3
373;25;0;2;3;0
374;37;500;4;3;3
375;33;147;4;3;3
376;28;10;2;2;1
377;66;50;3;3;2
378;24;100;3;3;2
379;63;20;4;3;3
380;42;200;4;3;3
381;30;35;1;2;0
382;50;300;4;3;3
383;62;15;4;3;1
384;65;50;3;3;2
385;50;68;4;2;3
386;24;30;2;2;1
387;46;70;4;2;3
388;55;50;4;2;3
389;59;78;4;3;3
390;57;28;4;2;3
391;31;250;4;3;3
392;51;150;4;3;3
393;39;25;4;2;3
394;49;140;4;3;3
395;49;170;2;3;3
396;23;250;4;3;3
397;48;30;4;2;3
398;33;10;2;2;0
399;43;230;1;3;0
400;69;45;4;3;2
401;61;20;4;3;2
402;57;300;4;3;3
403;38;90;4;4;3
404;52;90;3;2;1
405;49;60;3;4;2
406;56;10;2;3;0
407;33;150;4;3;3
408;30;150;4;3;3
409;31;40;1;2;1
410;30;10;3;2;1
411;68;10;4;2;2
412;58;10;3;3;0
413;42;200;3;4;0
414;22;100;1;2;1
415;28;80;3;3;3
416;48;40;4;3;3
417;26;300;4;3;3
418;73;10;4;2;2
419;66;5;4;2;3
420;63;40;4;2;3
421;66;0;3;2;2
422;55;50;4;4;2
423;67;10;2;2;1
424;56;30;4;4;2
425;56;20;4;3;0
426;48;300;4;3;3
427;69;15;4;3;1
428;37;50;4;3;3
429;69;25;4;4;3
430;69;50;4;2;3
431;57;30;4;4;2
432;34;0;3;2;2
433;36;30;3;3;0
434;58;20;3;2;2
435;65;30;3;4;2
436;52;25;4;3;2
437;54;50;2;4;0
438;43;70;4;3;3
439;26;150;3;3;0
440;43;30;3;2;2
441;32;30;2;2;1
442;57;80;3;3;1
443;46;11;2;4;1
444;28;0;1;2;1
445;37;50;3;3;1
446;36;167;3;3;3
447;44;5;4;3;3
448;52;35;3;2;1
449;49;15;2;4;0
450;67;0;4;4;3
451;65;75;3;3;2
452;63;10;4;2;3
453;48;35;4;3;3
454;66;50;3;3;1
455;60;15;4;2;3
456;73;60;4;3;3
457;49;300;3;2;2
458;44;40;3;3;3
459;60;80;4;3;3
460;23;10;2;3;0
461;43;12;4;4;0
462;44;10;4;4;1
463;36;200;4;3;3
464;22;20;2;2;0
465;64;10;4;3;2
466;47;13;4;4;2
467;57;20;3;2;0
468;43;60;2;2;1
469;70;50;4;3;3
470;52;40;4;2;2
471;33;500;4;3;3
472;61;60;4;2;2
473;46;20;3;2;0
474;42;100;3;3;1
475;63;45;4;2;2
476;45;30;3;2;3
477;44;30;4;4;2
478;64;30;3;2;0
479;53;35;4;2;3
480;70;40;4;3;2
481;44;15;3;3;0
482;45;30;4;3;3
483;32;6;1;3;0
484;44;80;4;3;3
485;50;85;2;2;1
486;54;50;3;4;1
487;34;20;3;2;2
488;58;37;4;3;3
489;61;100;4;3;3
490;37;60;3;2;2
491;39;50;4;2;3
492;28;27;1;3;0
493;54;5;2;3;1
494;26;50;2;2;1
495;57;30;4;3;2
496;34;8;2;4;0
497;45;50;3;3;2
498;40;50;4;2;3
499;30;25;3;2;0
500;25;150;2;2;2
501;65;63;3;2;3
502;48;35;2;2;2
503;41;50;4;4;2
504;25;100;3;3;1
505;38;50;4;2;1
506;64;20;4;2;0
507;56;20;4;4;0
508;44;80;3;4;2
509;45;60;4;4;2
510;38;100;4;3;3
511;32;19;3;2;2
512;52;30;4;4;3
513;29;0;1;4;1
514;56;15;3;2;1
515;65;40;1;3;0
516;26;150;4;3;3
517;41;150;4;3;3
518;61;20;4;3;1
519;36;15;2;3;1
520;40;43;3;2;2
521;41;60;3;2;0
522;33;0;3;3;0
523;33;250;4;3;3
524;46;0;1;4;1
525;46;25;4;2;2
526;47;20;4;4;1
527;30;30;3;3;2
528;34;350;4;3;3
529;55;33;3;2;2
530;47;200;3;3;1
531;47;25;4;4;2
532;35;3;2;3;1
533;53;30;2;2;0
534;56;50;4;3;3
535;44;50;3;2;0
536;66;30;4;2;2
537;43;15;4;2;3
538;56;20;4;4;3
539;26;20;1;2;0
540;31;10;3;3;1
541;39;60;3;3;3
542;61;100;4;2;3
543;45;12;3;3;2
544;57;28;4;2;3
545;74;80;4;3;3
546;30;0;1;2;1
547;33;10;3;3;0
548;58;40;4;2;3
549;48;35;3;2;2
550;37;25;4;3;2
551;52;30;4;4;0
552;33;2;2;2;1
553;29;10;2;4;1
554;44;14;2;2;1
555;30;80;4;3;3
556;41;35;4;3;3
557;74;0;4;3;3
558;49;0;4;2;3
559;45;30;4;2;3
560;66;50;4;3;3
561;48;10;3;3;1
562;47;30;4;4;2
563;29;200;3;3;2
564;48;350;4;3;3
565;66;30;4;4;1
566;45;200;4;3;3
567;46;40;4;3;2
568;27;50;2;3;0
569;36;50;4;2;3
570;67;20;4;4;3
571;62;60;4;3;3
572;43;0;4;3;3
573;51;40;4;2;3
574;65;10;4;4;3
575;40;4;4;3;3
576;61;100;4;2;3
577;30;30;3;2;2
578;58;40;4;3;2
579;56;30;4;4;3
580;38;70;4;2;3
581;67;100;4;3;2
582;58;30;4;4;3
583;46;5;4;4;3
584;40;30;4;2;3
585;26;10;2;2;2
586;22;15;2;2;0
587;54;30;4;3;3
588;27;750;4;3;3
589;32;100;4;3;0
590;26;150;4;3;3
591;37;30;4;2;3
592;42;100;3;3;2
593;48;200;4;3;3
594;55;370;4;3;3
595;40;300;4;3;3
596;31;0;1;3;0
597;38;40;2;4;1
598;41;10;4;4;3
599;54;26;4;4;2
600;37;110;3;3;3
601;45;300;4;3;3
602;63;20;4;4;3
603;58;100;4;3;3
604;45;200;4;3;3
605;57;110;4;2;3
606;35;200;4;3;3
607;50;250;4;4;3
608;47;200;4;4;3
609;55;200;4;2;3
610;33;1;3;2;1
611;71;50;4;2;3
612;60;50;3;3;3
613;52;8;4;4;2
614;34;50;3;3;0
615;24;60;4;3;3
616;58;10;3;4;0
617;55;16;3;2;2
618;49;0;2;4;1
619;44;0;4;2;3
620;39;40;3;2;3
621;63;500;4;3;3
622;28;20;2;3;0
623;52;17;2;3;1
624;33;150;4;3;3
625;43;100;4;3;3
626;62;80;4;3;3
627;56;50;3;3;2
628;49;20;4;2;3
629;55;30;4;2;2
630;51;250;4;3;3
631;48;30;4;3;3
632;63;40;4;3;3
633;39;200;4;2;0
634;46;80;4;3;3
635;35;40;4;2;2
636;43;50;3;3;3
637;72;100;4;3;3
638;65;60;4;3;3
639;26;15;1;2;1
640;56;9;2;3;0
641;55;40;4;4;3
642;57;45;4;3;2
643;40;50;4;2;2
644;44;30;4;2;3
645;21;12;3;4;2
646;59;40;3;3;1
647;64;100;4;3;3
648;33;30;2;2;0
649;65;15;4;3;2
650;69;20;4;2;2
651;71;70;4;3;3
652;28;40;4;3;2
653;39;0;4;4;1
654;51;25;4;4;2
655;34;200;4;3;3
656;45;50;4;2;3
657;59;20;4;2;3
658;30;15;1;2;0
659;36;40;4;3;3
660;32;90;3;2;2
661;59;100;3;2;2
662;37;10;4;2;1
663;30;45;3;2;1
664;66;100;4;4;3
665;54;40;3;3;2
666;49;50;4;2;1
667;42;2;4;4;0
668;34;200;3;3;3
669;58;30;4;3;3
670;24;0;2;3;0
671;45;150;4;4;3
672;67;50;4;2;1
673;25;20;1;3;1
674;37;200;3;2;3
675;39;15;3;2;1
676;34;200;4;4;3
677;26;5;2;3;1
678;38;40;2;4;0
679;65;81;4;3;3
680;34;300;4;3;3
681;63;50;4;4;2
682;73;35;4;3;2
683;29;200;4;3;3
684;53;30;4;4;3
685;32;30;2;3;1
686;23;0;1;2;0
687;78;15;4;4;2
688;58;12;4;2;2
689;41;15;4;2;0
690;47;200;4;3;3
691;69;50;4;4;3
692;53;220;4;3;3
693;39;400;4;3;3
694;62;90;4;3;3
695;64;30;4;3;3
696;64;30;4;2;2
697;41;130;4;2;3
698;33;52;2;2;1
699;46;0;3;4;1
700;59;60;4;3;3
701;48;250;4;2;3
702;46;0;4;4;3
703;29;250;4;3;3
704;53;200;4;3;3
705;63;80;4;4;2
706;48;20;1;2;0
707;32;0;2;4;0
708;36;15;1;2;1
709;38;40;1;2;0
710;42;20;3;2;1
711;36;200;4;3;3
712;44;200;4;3;3
713;33;147;4;3;3
714;58;40;3;2;2
715;31;250;4;3;3
716;57;20;3;2;0
717;64;28;4;4;1
718;54;85;2;2;0
719;39;20;3;3;2
720;39;25;3;2;2
721;31;50;3;2;0
722;61;30;4;3;0
723;38;200;4;3;3
724;60;250;2;3;2
725;49;120;4;3;3
726;28;600;3;3;3
727;69;60;4;2;3
728;59;10;3;4;2
729;69;80;4;2;3
730;30;100;3;2;1
731;45;70;4;2;3
732;45;20;4;3;3
733;37;50;4;3;3
734;67;392;4;3;3
735;24;150;3;3;3
736;55;30;4;4;2
737;61;10;4;4;2
738;47;9;4;2;3
739;47;50;4;3;3
740;38;35;3;4;2
741;53;51;4;2;2
742;58;60;4;3;3
743;48;30;4;4;3
744;53;40;4;2;2
745;29;200;4;3;3
746;44;10;1;3;1
747;17;80;3;2;3
748;32;200;3;3;3
749;31;130;4;3;3
750;35;187;3;3;3
751;66;50;2;3;0
752;29;25;4;3;0
753;38;18;4;4;2
754;54;15;4;3;1
755;32;30;3;2;2
756;29;30;2;3;0
757;35;20;3;4;1
758;41;50;3;3;1
759;38;20;1;2;1
760;33;10;3;4;1
761;25;20;1;2;1
762;30;200;4;3;3
763;23;350;4;3;3
764;48;120;3;3;1
765;40;20;4;2;3
766;52;50;3;3;2
767;33;400;4;3;3
768;38;40;3;3;0
769;51;90;4;3;3
770;54;80;4;3;0
771;24;100;3;3;3
772;46;20;3;3;2
773;27;10;3;3;0
774;58;20;3;3;0
775;34;25;3;2;2
776;30;100;4;3;3
777;26;0;1;4;0
778;20;10;1;2;1
779;37;600;4;3;3
780;49;20;4;2;2
781;45;2;1;2;0
782;50;120;4;2;3
783;38;15;1;3;0
784;52;70;4;3;3
785;69;45;4;3;2
786;25;200;4;3;3
787;45;700;4;3;3
788;56;75;4;3;0
789;38;15;4;2;3
790;52;200;4;3;3
791;72;150;4;3;3
792;62;7;3;3;1
793;52;45;2;3;2
794;49;0;3;3;2
795;64;300;4;3;3
796;83;38;4;3;2
797;51;252;4;3;3
798;71;45;4;4;3
799;39;138;4;3;3
800;54;35;4;2;2
801;32;50;3;2;3
802;40;200;4;3;3
803;42;250;2;3;3
804;48;50;4;3;3
805;37;60;4;4;3
806;50;250;4;3;3
807;63;0;4;4;1
808;72;0;4;3;3
809;59;20;4;2;3
810;69;700;4;3;3
811;49;90;4;2;3
812;62;12;4;2;3
813;67;50;4;3;1
814;44;150;4;3;3
815;62;100;4;3;3
816;51;80;4;2;3
817;27;160;3;3;3
818;64;25;4;2;3
819;66;50;4;3;3
820;43;100;3;2;3
821;48;25;4;2;3
822;79;300;4;3;3
823;40;300;4;3;3
824;27;20;3;2;0
825;77;42;4;3;3
826;62;150;4;3;3
827;69;50;4;3;0
828;58;5;4;2;1
829;42;150;4;3;3
830;60;15;1;2;0
831;45;141;1;3;0
832;55;30;4;2;2
833;36;109;4;2;3
834;67;65;3;3;1
835;58;200;4;3;3
836;30;30;4;3;2
837;75;20;4;2;2
838;38;30;3;2;1
839;54;140;4;3;3
840;37;110;2;3;0
841;47;300;4;3;3
842;42;200;4;3;3
843;46;25;2;3;1
844;58;20;4;2;3
845;24;5;1;2;1
846;61;40;3;3;2
847;57;20;2;2;1
848;53;200;4;3;3
849;59;40;4;2;3
850;30;100;4;2;2
851;40;150;4;3;3
852;53;80;4;2;3
853;50;200;4;4;3
854;38;20;3;3;2
855;55;17;4;2;3
856;63;0;3;2;0
857;32;100;4;2;0
858;55;100;4;3;3
859;49;15;4;3;2
860;59;25;4;4;0
861;41;50;4;3;3
862;61;10;4;2;3
863;52;300;4;3;3
864;71;40;4;3;3
865;36;50;2;3;2
866;63;10;4;3;3
867;45;190;4;3;3
868;74;30;4;2;1
869;61;114;3;2;2
870;46;100;4;3;3
871;59;250;4;3;3
872;49;0;4;2;3
873;40;600;4;3;3
874;73;50;4;3;3
875;31;25;2;3;2
876;56;30;4;2;0
877;50;30;3;3;1
878;67;400;4;3;3
879;36;30;2;2;0
880;59;25;4;4;2
881;36;20;1;4;0
882;37;90;4;2;3
883;64;50;3;2;3
884;72;30;4;2;0
885;40;70;3;4;0
886;37;80;3;3;1
887;44;0;4;3;3
888;38;30;4;3;3
889;30;20;1;2;1
890;37;25;4;3;1
891;51;60;4;2;2
892;54;20;4;2;3
893;72;30;4;3;2
894;51;50;4;2;3
895;53;100;4;2;2
896;41;50;4;2;3
897;32;90;1;3;2
898;42;35;4;3;2
899;71;50;4;3;2
900;36;15;3;3;2
901;45;0;1;3;0
902;64;30;4;2;2
903;56;30;3;2;0
904;68;25;4;2;3
905;67;100;4;3;3
906;47;300;4;3;3
907;52;80;4;2;3
908;42;150;4;3;3
909;52;20;4;2;0
910;28;100;4;2;1
911;34;40;4;4;3
912;62;200;4;4;3
913;43;50;4;3;3
914;37;0;1;3;0
915;32;2;1;3;0
916;44;200;4;3;3
917;33;60;4;2;3
918;29;450;3;3;3
919;52;100;4;3;3
920;62;50;4;2;3
921;60;200;4;3;3
922;44;0;3;3;2
923;69;50;4;3;3
924;40;20;4;2;2
925;62;20;4;2;2
926;30;200;4;3;3
927;51;15;4;3;3
928;68;50;4;3;1
929;58;80;2;4;0
930;63;20;4;3;0
931;59;100;4;3;3
932;61;50;4;4;1
933;36;110;4;2;3
934;42;0;2;2;1
935;55;45;4;2;2
936;62;12;4;3;1
937;43;100;4;3;3
938;54;40;4;4;2
939;49;100;4;3;3
940;63;50;4;3;1
941;60;15;3;2;0
942;29;100;4;4;0
943;51;250;4;3;3
944;24;300;4;3;3
945;61;60;4;2;2
946;73;170;4;3;2
947;28;30;4;3;2
948;47;50;4;3;3
949;25;90;4;3;3
950;41;150;4;3;3
951;59;100;4;3;3
952;59;20;4;2;2
953;61;70;3;4;2
954;48;0;4;3;3
955;42;40;4;2;3
956;68;100;4;3;3
957;21;160;4;3;3
958;65;52;4;3;3
959;43;40;4;2;3
960;73;100;4;4;3
961;37;30;2;3;1
962;69;90;4;2;2
963;53;60;4;2;3
964;40;60;4;2;3
965;26;150;4;3;3
966;57;150;4;2;3
967;63;40;4;2;2
968;47;200;4;3;3
969;33;20;2;3;1
970;76;150;4;3;0
971;52;250;4;3;3
972;66;220;4;3;3
973;48;160;4;3;3
974;44;239;4;2;3
975;55;50;2;2;0
976;56;10;3;3;0
977;24;130;4;3;3
978;52;350;4;3;3
979;51;30;4;2;3
980;31;100;4;3;3
981;38;2;4;4;2
982;72;15;3;3;2
983;76;50;4;3;2
984;68;40;3;3;1
985;49;70;4;2;2
986;36;20;4;4;0
987;70;120;4;2;3
988;44;80;4;3;3
989;63;15;4;2;3
990;45;50;4;2;2
991;52;100;4;3;2
992;57;300;4;3;3
993;61;67;4;3;3
994;71;10;4;3;2
995;51;0;1;3;1
996;75;35;4;3;3
997;55;152;4;3;3
998;52;150;4;3;3
999;59;500;4;3;3
1000;63;100;4;3;3
1001;62;150;4;3;3
1002;32;65;4;3;3
1003;52;150;4;3;3
1004;62;20;3;3;2
1005;43;0;4;3;3
1006;46;36;3;2;3
1007;30;10;3;2;2
1008;39;150;4;3;3
1009;70;100;4;2;3
1010;49;5;4;4;3
1011;53;200;4;3;3
1012;48;50;4;2;2
1013;64;120;4;3;3
1014;47;150;4;3;3
1015;65;40;4;4;2
1016;43;200;4;3;3
1017;47;180;4;3;3
1018;50;80;3;3;3
1019;34;200;4;3;3
1020;45;300;4;3;3
1021;66;50;4;3;3
1022;55;300;4;3;3
1023;60;0;4;2;2
1024;37;50;4;2;3
1025;30;200;4;3;3
1026;37;25;2;3;1
1027;57;150;4;2;3
1028;34;800;4;3;3
1029;68;30;4;3;2
1030;61;300;4;3;3
1031;43;40;3;3;3
1032;55;150;4;3;3
1033;24;250;4;3;3
1034;54;20;3;3;2
1035;47;150;4;3;3
1036;62;100;3;3;2
1037;30;10;3;2;2
1038;33;10;4;3;3
1039;49;0;2;2;0
1040;62;200;4;2;0
1041;51;500;4;3;3
1042;57;30;4;4;2
1043;40;100;4;3;3
1044;40;300;4;3;3
1045;53;15;1;4;1
1046;46;25;4;3;3
1047;51;50;4;2;3
1048;40;300;4;3;3
1049;33;100;2;3;0
1050;33;30;1;2;0
1051;53;200;4;3;3
1052;63;30;4;3;3
1053;73;0;4;4;1
1054;30;0;2;3;0
1055;47;50;3;2;2
1056;38;10;4;4;1
1057;70;22;3;3;2
1058;50;100;4;3;3
1059;53;100;4;3;3
1060;67;26;4;2;3
1061;58;40;3;2;2
1062;40;300;4;3;3
1063;42;200;4;3;3
1064;47;40;4;3;0
1065;36;150;4;3;3
1066;56;300;4;3;3
1067;61;30;4;2;0
1068;44;20;4;3;3
1069;47;200;4;3;3
1070;41;15;3;2;2
1071;43;100;4;3;3
1072;40;150;4;3;3
1073;25;90;4;3;3
1074;29;0;1;2;1
1075;42;15;3;3;2
1076;35;3;2;2;1
1077;58;40;4;3;3
1078;59;200;4;3;3
1079;38;50;3;2;1
1080;68;100;4;3;3
1081;66;40;4;2;3
1082;74;60;4;3;3
1083;49;50;4;3;3
1084;24;50;4;3;3
1085;69;30;4;3;3
1086;57;45;4;3;2
1087;36;30;4;4;2
1088;35;8;4;3;2
1089;62;59;4;2;2
1090;28;300;4;3;3
1091;44;70;4;3;3
1092;34;130;4;3;3
1093;63;60;4;3;2
1094;32;10;3;4;1
1095;53;10;4;2;3
1096;62;10;4;2;2
1097;51;100;4;2;3
1098;62;61;4;4;2
1099;32;5;3;2;1
1100;28;200;4;3;3
1101;55;70;4;2;3
1102;42;10;4;3;3
1103;67;80;4;2;3
1104;47;0;2;2;0
1105;51;100;4;3;3
1106;51;200;4;3;3
1107;45;100;4;3;3
1108;63;50;4;2;3
1109;41;200;4;3;3
1110;53;100;4;3;3
1111;48;120;4;3;3
1112;60;35;4;2;3
1113;59;19;3;2;1
1114;58;250;4;3;3
1115;43;20;4;3;1
1116;59;40;3;4;2
1117;35;150;4;3;3
1118;34;50;1;2;0
1119;43;200;4;2;3
1120;61;0;4;2;2
1121;27;50;2;4;1
1122;30;300;4;3;3
1123;69;40;4;3;3
1124;47;200;4;3;3
1125;62;50;4;2;3
1126;36;47;2;2;0
1127;58;120;4;2;3
1128;48;10;4;3;3
1129;40;100;4;3;3
1130;62;17;4;4;1
1131;40;600;4;3;3
1132;58;13;4;4;3
1133;57;150;4;3;3
1134;70;35;4;3;3
1135;68;40;4;3;2
1136;55;200;4;3;3
1137;52;48;3;2;1
1138;51;175;4;2;3
1139;45;80;4;2;3
1140;40;125;4;2;3
1141;40;125;4;2;3
1142;53;60;4;2;3
1143;60;150;4;3;3
1144;61;40;4;3;3
1145;28;60;3;2;3
1146;51;500;4;3;3
1147;45;300;4;3;3
1148;35;15;4;3;2
1149;61;25;4;2;3
1150;65;20;4;2;3
1151;55;3;3;4;1
1152;50;80;4;2;3
1153;66;300;4;3;3
1154;65;220;4;3;3
1155;51;40;1;2;1
1156;62;40;4;3;2
1157;45;40;4;2;3
1158;55;64;4;3;1
1159;51;100;4;2;3
1160;48;0;2;2;0
1161;58;0;4;3;3
1162;41;80;4;3;3
1163;67;40;4;2;2
1164;46;36;4;3;3
1165;74;60;4;2;3
1166;30;30;4;3;0
1167;39;100;4;2;3
1168;44;40;4;2;3
1169;49;5;4;2;2
1170;45;5;4;2;2
1171;58;50;2;2;1
1172;53;200;4;3;3
1173;49;100;4;3;3
1174;40;99;4;2;3
1175;52;24;4;4;3
1176;30;60;3;2;3
1177;52;200;4;3;3
1178;73;25;4;3;2
1179;59;44;4;3;3
1180;31;4;2;2;2
1181;43;200;4;3;3
1182;62;250;4;4;3
1183;55;50;4;3;0
1184;56;150;4;3;3
1185;30;300;4;3;3
1186;46;120;4;3;3
1187;65;220;4;3;3
1188;65;23;3;4;2
1189;53;200;4;3;3
1190;51;100;4;2;3
1191;38;200;4;3;3
1192;31;60;4;3;3
1193;52;30;4;2;3
1194;57;20;3;2;1
1195;59;80;4;3;2
1196;37;150;4;3;3
1197;66;50;4;4;1
1198;45;150;4;3;3
1199;50;60;4;2;3
1200;66;26;4;3;3
1201;22;110;4;3;3
1202;47;180;4;3;3
1203;62;200;4;3;3
1204;72;200;4;3;3
1205;62;160;4;2;3
1206;56;12;2;3;0
1207;64;25;4;3;3
1208;31;60;3;2;0
1209;47;50;4;2;3
1210;68;60;4;3;3
1211;65;50;4;3;2
1212;25;200;4;3;3
1213;68;15;2;2;0
1214;53;200;4;3;3
1215;64;500;4;3;3
1216;41;150;4;3;3
1217;46;300;4;3;3
1218;54;350;4;3;3
1219;39;450;4;3;3
1220;62;300;4;2;3
1221;50;30;3;2;0
1222;44;200;4;3;3
1223;57;13;4;2;2
1224;76;150;4;3;3
1225;47;180;4;3;3
1226;47;200;4;4;3
1227;28;400;4;3;3
1228;47;100;4;3;3
1229;55;150;4;3;3
1230;28;400;4;4;3
1231;51;120;4;3;3
1232;46;150;4;3;3
1233;47;200;4;3;3
1234;59;100;3;2;1
1235;61;50;4;2;3
1236;46;200;4;4;3
1237;52;80;4;3;3
1238;35;150;4;3;3
1239;60;200;4;3;3
1240;52;3;4;4;2
1241;41;100;4;3;3
1242;54;150;4;3;3
1243;56;20;3;4;0
1244;49;200;4;3;3
1245;41;150;4;3;3
1246;55;200;4;3;3
1247;54;80;4;3;3
1248;34;150;4;3;3
1249;40;150;4;3;3
1250;35;40;3;4;2
1251;70;5;2;3;0
1252;54;0;4;2;3
1253;50;60;4;3;3
1254;30;200;4;3;3
1255;52;350;4;3;3
1256;40;200;4;3;3
1257;46;25;3;3;1
1258;34;150;4;3;3
1259;52;300;4;3;3
1260;45;100;3;3;1
1261;35;200;4;3;3
1262;44;50;3;4;1
1263;54;150;4;3;3
1264;32;60;3;2;2
1265;31;50;3;2;2
1266;57;500;4;3;3
1267;25;50;2;3;0
1268;55;140;4;3;3
1269;47;150;4;3;3
1270;54;30;4;3;3
1271;50;200;4;3;3
1272;42;100;4;3;3
1273;27;60;1;3;1
1274;64;200;4;4;3
1275;42;0;1;3;1
1276;66;130;4;3;2
1277;54;50;4;2;3
1278;69;130;4;2;2
1279;48;30;4;4;3
1280;62;100;4;2;3
1281;61;40;4;2;2
1282;34;0;3;2;1
1283;71;50;4;3;2
1284;38;55;4;2;3
1285;56;15;3;4;1
1286;64;120;4;3;3
1287;40;120;4;3;3
1288;56;400;4;3;3
1289;41;80;4;3;3
1290;70;25;2;3;1
1291;63;50;4;2;3
1292;53;200;4;3;3
1293;54;0;2;4;0
1294;51;2;4;4;0
1295;71;75;4;4;2
1296;59;60;2;3;1
1297;42;100;3;2;2
1298;55;0;2;4;0
1299;34;0;3;4;0
1300;32;150;4;2;3
1301;28;50;2;4;0
1302;20;20;1;3;0
1303;43;150;4;3;3
1304;54;15;2;4;0
1305;47;200;4;4;3
1306;64;200;4;3;3
1307;55;4;3;4;0
1308;47;0;4;4;2
1309;49;300;4;3;3
1310;64;10;4;2;3
1311;55;30;4;3;0
1312;51;120;4;2;3
1313;66;10;3;2;0
1314;31;3;1;3;1
1315;38;8;3;3;1
1316;39;100;4;3;3
1317;56;40;3;4;1
1318;43;70;2;2;1
1319;43;105;2;2;2
1320;65;40;4;3;2
1321;60;60;4;3;3
1322;28;20;1;3;0
1323;24;50;4;3;3
1324;69;80;4;3;3
1325;59;40;4;2;3
1326;47;10;1;3;3
1327;54;40;3;2;3
1328;37;20;4;3;2
1329;27;25;3;2;0
1330;64;5;4;2;3
1331;56;20;1;2;0
1332;59;12;4;3;2
1333;41;5;4;3;3
1334;58;6;4;4;2
1335;32;200;3;3;3
1336;47;80;3;2;2
1337;65;15;3;2;1
1338;46;100;4;2;3
1339;66;35;2;4;0
1340;63;300;4;3;3
1341;37;103;3;2;3
1342;37;1;4;3;0
1343;56;0;1;4;0
1344;28;100;3;3;3
1345;73;50;4;3;3
1346;59;80;4;2;3
1347;57;10;4;4;0
1348;60;50;4;3;3
1349;32;80;3;3;3
1350;21;20;4;4;0
1351;69;70;4;4;3
1352;58;70;4;2;3
1353;42;75;4;2;3
1354;57;60;4;2;2
1355;46;300;4;3;3
1356;45;20;4;3;3
1357;47;13;3;2;3
1358;32;200;4;3;3
1359;44;70;4;3;3
1360;34;300;4;3;3
1361;55;50;4;3;3
1362;52;300;4;3;3
1363;67;30;4;2;3
1364;61;50;2;3;3
1365;33;0;3;3;2
1366;61;100;4;3;2
1367;39;0;3;3;0
1368;64;30;4;2;3
1369;46;20;4;2;1
1370;56;70;4;4;3
1371;64;50;2;3;0
1372;46;120;1;2;2
1373;57;80;4;3;3
1374;49;200;4;3;3
1375;52;0;4;4;0
1376;63;180;4;3;3
1377;41;2;4;4;2
1378;69;700;4;3;3
1379;48;20;2;4;0
1380;46;15;4;3;3
1381;34;0;1;4;0
1382;55;20;4;3;3
1383;69;10;4;4;3
1384;48;140;4;2;3
1385;64;155;1;3;0
1386;37;100;4;3;3
1387;51;70;4;3;3
1388;74;80;4;4;3
1389;47;10;2;2;1
1390;37;100;3;2;1
1391;61;50;4;4;2
1392;55;2;4;4;2
1393;37;50;3;2;1
1394;60;50;4;3;2
1395;63;30;3;2;1
1396;69;60;4;3;3
1397;69;50;4;3;0
1398;63;250;4;2;3
1399;46;0;1;4;0
1400;60;5;4;3;3
1401;47;200;4;3;3
1402;48;400;4;3;3
1403;57;40;3;4;0
1404;52;70;3;2;2
1405;31;0;3;3;2
1406;65;20;4;2;0
1407;57;80;2;2;0
1408;51;5;3;3;1
1409;65;100;3;2;1
1410;33;100;2;2;0
1411;66;100;4;2;3
1412;36;150;4;3;3
1413;67;10;4;2;1
1414;68;50;4;3;3
1415;41;10;4;2;3
1416;35;2;3;4;1
1417;43;0;3;4;0
1418;69;69;4;3;2
1419;54;10;4;2;2
1420;57;15;4;2;1
1421;51;30;4;2;0
1422;61;30;4;2;0
1423;25;6;1;2;0
1424;72;35;4;2;2
1425;47;80;4;2;3
1426;69;25;4;4;3
1427;67;60;4;2;3
1428;33;100;3;3;3
1429;35;0;3;2;1
1430;68;20;4;2;0
1431;46;60;2;3;3
1432;46;40;4;2;2
1433;51;20;4;2;3
1434;58;30;2;2;1
1435;64;50;4;3;2
1436;36;130;1;3;1
1437;48;250;4;3;3
1438;29;0;3;3;2
1439;62;100;4;3;3
1440;70;50;2;2;1
1441;62;20;4;3;0
1442;50;50;4;2;0
1443;67;4;4;3;0
1444;42;80;4;2;3
1445;49;60;4;2;3
1446;58;100;4;3;3
1447;51;10;1;3;0
1448;45;20;3;3;1
1449;61;50;3;3;3
1450;55;150;3;2;0
1451;45;200;4;3;3
1452;57;40;3;2;2
1453;50;150;4;3;3
1454;66;30;2;3;0
1455;43;80;2;3;0
1456;20;20;1;2;0
1457;38;20;1;3;0
1458;58;350;4;3;3
1459;37;250;4;3;3
1460;38;200;4;3;3
1461;48;50;3;2;1
1462;63;10;4;4;2
1463;47;16;4;2;3
1464;49;0;1;4;0
1465;41;50;4;3;0
1466;58;0;4;3;0
1467;31;5;1;4;1
1468;41;100;4;3;3
1469;44;50;1;3;0
1470;40;19;4;4;2
1471;25;50;4;3;0
1472;35;200;4;3;3
1473;44;120;4;3;3
1474;46;100;4;3;1
1475;79;0;1;3;0
1476;36;50;4;2;3
1477;67;40;4;3;3
1478;32;100;3;3;2
1479;50;0;4;4;3
1480;74;20;4;2;2
1481;50;2;4;4;0
1482;65;15;4;4;1
1483;67;30;3;4;0
1484;41;20;1;3;0
1485;62;50;4;2;3
1486;29;50;3;2;1
1487;39;100;4;3;3
1488;36;50;4;2;3
1489;49;100;4;3;3
1490;50;50;3;2;2
1491;35;20;4;2;3
1492;79;60;4;3;3
1493;36;200;4;3;3
1494;57;0;1;4;1
1495;54;95;4;3;3
1496;33;20;2;3;2
1497;48;30;4;3;3
1498;61;50;3;2;3
1499;40;34;4;3;3
1500;41;10;3;2;3
1501;43;40;1;4;0
1502;51;300;4;3;3
1503;49;0;1;3;0
1504;62;10;3;4;1
1505;51;0;1;4;0
1506;65;200;4;3;3
1507;65;0;1;4;0
1508;52;100;4;3;3
1509;65;50;4;3;3
1510;41;25;3;4;0
1511;53;25;3;4;1
1512;50;35;2;3;1
1513;45;300;4;3;3
1514;32;0;2;4;0
1515;74;3;3;4;1
1516;55;20;3;4;2
1517;29;50;1;3;0
1518;44;5;4;4;2
1519;44;100;2;4;1
1520;56;20;4;4;1
1521;38;0;1;2;0
1522;19;30;4;2;1
1523;60;64;2;4;0
1524;60;40;4;2;3
1525;47;200;4;3;3
1526;43;10;4;4;2
1527;29;30;2;2;1
1528;42;0;1;4;0
1529;33;0;1;4;0
1530;59;30;1;4;0
1531;30;0;1;4;0
1532;47;80;4;3;3
1533;49;0;1;3;0
1534;38;20;1;2;0
1535;61;40;4;2;2
1536;37;0;1;2;0
1537;46;15;2;2;0
1538;27;20;1;3;0
1539;40;20;4;3;2
1540;62;100;4;3;3
1541;35;50;3;2;2
1542;20;10;1;2;0
1543;64;20;3;3;1
1544;38;0;1;4;0
1545;65;250;4;3;3
1546;24;300;4;3;3
1547;30;20;4;3;2
1548;48;0;1;4;0
1549;28;0;1;4;0
1550;26;0;2;4;1
1551;35;0;1;4;0
1552;35;0;3;4;0
1553;44;30;1;4;0
1554;23;3;2;2;1
1555;56;40;4;4;2
1556;32;20;4;2;2
1557;31;20;1;3;0
1558;56;300;4;3;3
1559;35;25;4;4;3
1560;27;20;1;3;0
1561;81;41;4;4;2
1562;46;5;4;4;1
1563;63;40;4;4;1
1564;37;100;4;3;3
1565;53;300;4;3;3
1566;25;30;2;4;0
1567;64;60;4;2;3
1568;27;20;1;4;0
1569;54;450;4;3;3
1570;28;20;1;4;0
1571;51;120;4;3;3
1572;36;0;1;4;0
1573;57;20;1;4;0
1574;34;100;4;3;0
1575;51;0;1;4;0
1576;53;200;3;3;2
1577;31;20;1;4;0
1578;63;10;4;2;2
1579;58;30;4;4;2
1580;34;10;3;4;2
1581;74;0;4;3;2
1582;39;500;4;3;3
1583;57;0;4;4;0
1584;57;0;2;4;0
1585;35;0;1;3;0
1586;48;100;4;4;3
1587;43;150;4;3;3
1588;49;60;4;3;3
1589;61;0;1;4;0
1590;69;50;4;4;2
1591;39;200;4;3;3
1592;64;2;4;4;1
1593;57;20;2;4;0
1594;41;0;1;4;0
1595;28;0;3;4;0
1596;54;100;4;4;3
1597;65;0;1;4;0
1598;49;40;1;3;0
1599;29;0;2;2;0
1600;33;20;1;3;0
1601;52;30;1;4;0
1602;63;20;1;4;0
1603;54;0;1;4;0
1604;55;0;1;4;0
1605;62;0;3;4;0
1606;55;10;4;4;1
1607;49;1;4;2;3
1608;40;200;4;3;3
1609;39;100;4;3;3
1610;50;150;4;3;3
1611;72;150;4;2;3
1612;41;100;3;2;3
1613;32;165;4;3;3
1614;35;160;4;3;3
1615;51;100;4;2;3
1616;45;80;4;3;3
1617;69;60;4;3;3
1618;53;10;4;3;2
1619;70;150;4;2;2
1620;34;70;1;3;0
1621;33;20;1;3;0
1622;43;20;1;3;0
1623;27;20;1;2;0
1624;37;1;1;3;1
1625;34;75;3;2;3
1626;63;20;4;4;0
1627;68;0;1;4;0
1628;55;15;3;4;1
1629;33;10;3;4;1
1630;36;50;4;4;1
1631;63;60;4;3;3
1632;54;20;4;2;3
1633;42;150;1;4;0
1634;62;0;1;4;0
1635;28;250;3;3;3
1636;36;20;1;3;0
1637;35;15;3;4;2
1638;79;30;4;4;2
1639;41;150;4;3;3
1640;41;10;3;2;2
1641;26;150;4;3;3
1642;43;100;4;3;3
1643;55;0;2;2;1
1644;39;50;3;3;3
1645;37;120;1;2;0
1646;33;0;3;3;1
1647;35;20;1;4;0
1648;61;100;4;3;3
1649;37;15;4;3;2
1650;56;50;2;4;0
1651;60;200;4;3;3
1652;53;200;4;3;3
1653;60;119;3;2;2
1654;42;300;4;3;3
1655;27;0;1;3;0
1656;40;30;3;2;3
1657;45;50;1;4;0
1658;56;25;1;4;0
1659;44;80;4;2;3
1660;77;50;4;3;3
1661;61;100;4;3;3
1662;39;20;1;3;0
1663;33;20;1;4;0
1664;60;0;1;3;0
1665;74;30;4;4;2
1666;40;350;4;3;3
1667;51;0;1;4;0
1668;65;60;4;3;3
1669;41;200;4;3;3
1670;47;150;4;3;3
1671;36;120;1;2;1
1672;32;365;4;3;3
1673;44;50;3;3;2
1674;33;20;1;3;0
1675;69;0;4;4;2
1676;41;20;1;3;1
1677;47;30;4;2;3
1678;44;10;3;3;1
1679;49;50;1;3;1
1680;61;20;3;2;2
1681;34;0;2;4;0
1682;60;130;4;2;3
1683;33;1;1;4;0
1684;41;25;3;2;2
1685;53;20;1;4;0
1686;41;40;4;3;3
1687;60;20;2;4;0
1688;32;10;2;4;1
1689;53;20;1;3;0
1690;36;60;3;2;0
1691;50;20;4;2;3
1692;63;15;2;4;0
1693;47;80;4;3;3
1694;26;0;1;4;0
1695;27;0;3;4;1
1696;58;0;4;4;0
1697;45;65;3;3;2
1698;56;30;3;3;2
1699;63;0;4;4;2
1700;18;20;1;2;0
1701;51;130;1;2;1
1702;42;0;1;3;0
1703;66;30;4;2;2
1704;58;50;1;2;0
1705;44;70;4;2;3
1706;16;0;1;4;0
1707;63;40;4;4;2
1708;60;40;3;2;0
1709;52;4;2;2;0
1710;44;2;2;2;1
1711;55;76;4;3;3
1712;46;10;4;2;1
1713;45;20;1;4;0
1714;36;20;1;3;0
1715;39;0;3;4;0
1716;58;50;1;3;0
1717;30;0;1;4;0
1718;18;50;3;3;3
1719;37;1;1;4;0
1720;35;90;4;3;3
1721;25;0;1;4;0
1722;42;2;4;2;0
1723;45;400;4;3;3
1724;31;20;1;3;0
1725;39;30;4;3;3
1726;53;0;1;4;0
1727;34;8;3;2;0
1728;26;20;1;4;0
1729;41;100;4;3;3
1730;43;0;1;4;0
1731;42;120;4;3;3
1732;47;50;4;2;2
1733;54;0;1;4;0
1734;69;60;4;3;2
1735;53;30;4;3;3
1736;66;50;4;3;3
1737;46;150;4;3;3
1738;45;50;4;4;0
1739;36;0;3;3;2
1740;61;10;4;4;2
1741;41;20;4;2;3
1742;30;0;1;4;0
1743;39;150;4;3;3
1744;56;60;1;3;0
1745;51;20;1;3;0
1746;52;30;4;2;1
1747;64;100;4;4;2
1748;52;20;4;3;2
1749;36;0;4;4;2
1750;41;20;4;3;1
1751;30;150;4;3;3
1752;28;150;4;4;3
1753;42;200;4;3;3
1754;43;150;3;3;1
1755;36;130;4;3;3
1756;35;50;3;3;0
1757;41;0;4;3;1
1758;50;210;4;3;3
1759;52;50;4;2;3
1760;54;300;4;3;3
1761;39;0;1;4;0
1762;51;100;4;3;3
1763;54;350;4;3;3
1764;38;150;3;2;3
1765;54;50;3;4;1
1766;46;0;1;4;0
1767;36;10;1;4;0
1768;67;0;2;4;0
1769;71;0;1;4;0
1770;30;0;1;4;0
1771;47;200;4;3;3
1772;48;300;4;4;3
1773;49;20;1;2;0
1774;70;50;4;3;2
1775;60;20;1;2;0
1776;34;90;4;3;3
1777;45;150;4;2;3
1778;44;7;1;3;1
1779;32;200;4;3;3
1780;41;0;1;4;0
1781;30;20;1;3;0
1782;54;20;1;4;0
1783;43;100;4;3;3
1784;55;100;4;2;3
1785;63;40;4;3;2
1786;32;0;3;4;0
1787;34;50;2;2;2
1788;55;20;4;2;3
1789;58;70;4;2;2
1790;62;0;4;3;3
1791;56;400;4;3;3
1792;49;150;4;3;3
1793;34;0;3;4;0
1794;64;200;4;3;3
1795;68;10;4;3;1
1796;61;50;4;3;2
1797;42;30;4;2;2
1798;34;50;4;3;3
1799;47;0;1;4;0
1800;52;8;2;2;2
1801;60;0;1;3;0
1802;35;5;3;4;3
1803;30;20;1;4;0
1804;36;100;3;2;1
1805;36;0;1;4;0
1806;36;0;1;4;0
1807;37;150;4;3;3
1808;37;20;3;2;1
1809;48;40;4;3;3
1810;60;5;3;4;1
1811;28;50;3;3;1
1812;43;200;4;3;3
1813;38;90;4;3;2
1814;46;160;4;3;3
1815;52;350;4;3;3
1816;43;200;1;3;2
1817;40;20;3;3;2
1818;41;33;3;2;2
1819;70;160;2;3;3
1820;59;40;4;3;2
1821;60;200;4;3;2
1822;48;20;3;3;1
1823;44;70;4;3;3
1824;39;10;2;3;0
1825;27;120;1;4;0
1826;52;50;4;3;3
1827;29;30;4;3;1
1828;32;25;1;2;0
1829;67;20;1;3;0
1830;40;0;1;4;0
1831;73;30;4;3;3
1832;34;50;4;3;3
1833;43;200;4;3;3
1834;53;200;4;3;3
1835;32;0;2;4;0
1836;58;150;4;4;3
1837;47;0;4;3;3
1838;34;150;4;3;3
1839;58;200;4;4;3
1840;64;0;1;4;0
1841;52;3;1;3;0
1842;61;80;4;2;3
1843;54;30;3;3;0
1844;60;20;3;3;1
1845;38;150;3;2;1
1846;64;250;4;3;3
1847;47;40;2;4;0
1848;60;30;4;2;2
1849;41;10;4;2;0
1850;37;14;2;3;0
1851;55;5;1;3;0
1852;42;180;4;3;3
1853;33;20;1;3;0
1854;60;200;4;3;3
1855;62;0;1;4;0
1856;42;180;4;3;3
1857;56;20;1;2;0
1858;32;6;1;3;0
1859;56;30;3;4;0
1860;29;200;4;3;3
1861;45;25;3;3;3
1862;47;10;2;3;1
1863;35;3;1;4;0
1864;25;20;1;3;0
1865;33;10;1;3;0
1866;51;3;4;4;2
1867;45;30;4;4;1
1868;28;0;1;4;0
1869;32;100;4;3;3
1870;33;200;4;3;3
1871;67;0;1;4;0
1872;33;20;1;3;0
1873;17;50;1;2;0
1874;30;20;3;2;1
1875;51;300;4;3;3
1876;36;0;2;4;0
1877;32;0;2;4;0
1878;51;15;3;3;0
1879;29;20;3;4;1
1880;36;200;4;3;3
1881;47;200;4;3;3
1882;50;100;1;3;0
1883;29;170;4;3;3
1884;63;10;4;4;2
1885;48;0;1;4;0
1886;33;90;4;3;3
1887;55;120;4;3;3
1888;62;50;4;3;3
1889;35;5;3;3;1
1890;60;0;4;4;2
1891;34;50;3;3;1
1892;26;100;4;3;3
1893;51;100;4;3;3
1894;53;0;2;3;0
1895;47;100;4;3;3
1896;56;40;4;4;1
1897;44;130;3;2;3
1898;42;39;2;4;0
1899;43;250;4;3;3
1900;36;200;4;3;3
1901;65;15;4;3;2
1902;54;0;4;4;1
1903;57;180;4;2;3
1904;51;100;4;3;3
1905;40;500;4;3;2
1906;26;20;4;3;2
1907;42;80;4;2;3
1908;53;140;4;3;3
1909;31;50;2;2;0
1910;59;70;4;3;3
1911;67;20;4;3;2
1912;60;50;4;3;2
1913;37;200;4;3;3
1914;53;30;3;3;3
1915;54;30;2;3;2
1916;69;50;4;3;3
1917;49;70;4;2;2
1918;60;70;4;2;0
1919;51;10;4;3;3
1920;28;10;3;4;0
1921;75;10;4;4;2
1922;59;30;4;2;2
1923;66;150;4;3;3
1924;51;80;2;2;2
1925;63;30;4;4;2
1926;60;110;3;2;0
1927;45;110;4;3;3
1928;56;20;4;4;3
1929;41;10;2;3;0
1930;54;25;4;4;3
1931;58;50;4;3;3
1932;24;300;4;3;3
1933;69;10;3;3;2
1934;66;220;4;4;3
1935;37;70;4;3;2
1936;49;123;4;3;0
1937;45;100;4;4;2
1938;53;35;4;2;3
1939;60;10;4;3;2
1940;56;0;2;4;0
1941;40;0;4;4;2
1942;56;300;4;3;3
1943;39;150;4;3;3
1944;31;150;4;3;0
1945;19;0;1;3;0
1946;43;2;4;4;1
1947;36;120;4;2;3
1948;30;52;3;2;1
1949;31;100;3;3;3
1950;35;100;3;2;3
1951;37;100;3;2;3
1952;55;300;4;3;3
1953;44;40;3;3;1
1954;56;70;2;4;1
1955;44;90;4;3;3
1956;65;30;4;2;2
1957;45;50;3;4;2
1958;52;54;4;3;3
1959;60;100;4;3;3
1960;30;100;4;3;3
1961;40;50;3;2;2
1962;31;15;1;2;0
1963;66;50;4;4;2
1964;53;30;3;2;1
1965;49;30;3;2;0
1966;48;1;2;4;0
1967;35;80;4;2;3
1968;41;150;4;3;3
1969;67;46;4;3;2
1970;38;150;2;3;0
1971;56;0;1;2;0
1972;53;25;2;4;2
1973;62;150;4;3;3
1974;45;190;4;3;3
1975;59;20;4;2;2
1976;50;150;2;3;1
1977;64;28;4;3;1
1978;39;20;3;4;1
1979;44;500;4;3;3
1980;72;30;4;3;0
1981;26;60;3;3;0
1982;58;40;4;3;3
1983;65;0;4;4;1
1984;35;20;3;3;3
1985;67;70;4;2;3
1986;45;20;3;2;0
1987;46;60;3;2;2
1988;27;750;4;3;3
1989;28;50;2;3;2
1990;63;250;4;2;3
1991;52;20;3;2;1
1992;33;130;4;3;3
1993;28;100;4;3;3
1994;71;40;4;2;2
1995;42;35;3;3;0
1996;51;22;2;3;2
1997;43;30;3;2;2
1998;60;20;1;2;0
1999;76;50;4;4;0
2000;64;20;4;4;2
2001;56;40;3;3;2
2002;61;0;3;4;0
2003;71;50;4;2;3
2004;58;160;4;3;3
2005;65;100;4;3;3
2006;40;50;3;2;0
2007;71;10;4;2;2
2008;35;150;4;3;3
2009;48;300;4;3;3
2010;68;300;4;3;3
2011;36;75;4;3;2
2012;51;20;1;2;0
2013;52;80;4;3;3
2014;33;50;4;3;3
2015;59;20;1;3;0
2016;55;56;4;4;2
2017;53;0;4;4;3
2018;31;0;2;3;3
2019;51;30;4;2;3
2020;56;70;3;2;3
2021;60;200;4;3;3
2022;76;3;4;3;2
2023;56;400;4;3;3
2024;69;200;4;3;3
2025;35;60;3;3;1
2026;51;100;4;3;2
2027;32;20;1;4;0
2028;61;0;4;4;1
2029;60;0;1;4;0
2030;47;30;4;2;3
2031;33;60;3;4;0
2032;34;90;3;2;3
2033;53;80;4;2;3
2034;29;0;1;3;0
2035;35;80;4;2;2
2036;45;11;3;4;0
2037;47;20;3;2;1
2038;39;30;4;3;3
2039;45;60;4;3;1
2040;45;400;4;3;3
2041;43;50;4;3;3
2042;70;70;4;3;2
2043;46;70;4;4;2
2044;37;0;1;4;0
2045;46;0;3;4;0
2046;35;30;3;4;2
2047;66;40;4;3;2
2048;50;6;1;3;0
2049;46;130;4;3;3
2050;42;20;1;4;0
2051;34;80;4;2;3
2052;78;2;4;4;1
2053;47;200;4;3;3
2054;35;100;4;4;3
2055;48;0;2;4;0
2056;50;10;4;2;3
2057;42;0;1;4;0
2058;73;0;4;2;3
2059;38;50;3;2;1
2060;64;40;4;3;0
2061;48;100;3;3;1
2062;57;4;3;3;1
2063;48;30;4;2;2
2064;34;55;2;3;0
2065;47;40;2;3;0
2066;20;90;1;3;0
2067;69;5;4;3;3
2068;64;100;4;3;2
2069;47;60;2;2;1
2070;58;50;3;2;2
2071;38;1;1;4;0
2072;59;20;1;4;0
2073;47;30;4;4;1
2074;59;78;4;2;3
2075;63;60;4;2;3
2076;38;50;3;3;3
2077;37;70;3;2;3
2078;43;30;3;3;3
2079;28;200;4;3;3
2080;46;0;1;4;0
2081;56;20;4;4;2
2082;34;60;1;2;0
2083;69;100;4;3;3
2084;55;0;1;4;0
2085;59;120;4;3;3
2086;69;100;4;3;3
2087;33;0;1;4;0
2088;70;22;4;2;2
2089;62;30;4;3;3
2090;20;30;3;3;1
2091;66;24;3;4;0
2092;43;6;1;3;0
2093;39;25;4;4;1
2094;32;0;1;4;0
2095;45;0;3;4;0
2096;59;0;1;4;0
2097;32;20;1;4;0
2098;40;0;4;4;0
2099;30;20;1;3;0
2100;34;10;1;3;0
2101;16;0;1;4;0
2102;35;25;4;4;3
2103;44;40;1;2;1
2104;62;4;3;2;2
2105;44;60;3;2;2
2106;41;80;4;3;3
2107;54;120;4;3;3
2108;55;150;4;2;3
2109;37;350;4;2;3
2110;25;100;4;3;3
2111;50;200;4;3;3
2112;55;150;4;2;3
2113;37;70;3;3;3
2114;36;200;4;3;3
2115;61;100;4;4;3
2116;54;43;1;2;1
2117;59;20;3;2;2
2118;36;7;1;3;0
2119;51;3;4;4;0
2120;41;30;2;3;2
2121;45;30;2;4;0
2122;49;120;4;2;3
2123;47;0;1;4;0
2124;27;0;3;4;0
2125;53;30;1;3;0
2126;44;200;4;4;3
2127;48;300;4;3;3
2128;43;30;3;3;2
2129;32;15;3;4;1
2130;72;20;4;4;2
2131;55;370;4;3;3
2132;69;20;4;4;3
2133;57;350;4;3;3
2134;48;30;2;4;0
2135;19;0;1;3;0
2136;45;700;4;3;3
2137;32;10;3;4;0
2138;61;24;3;4;1
2139;58;100;4;3;3
2140;41;200;2;4;0
2141;58;0;1;4;0
2142;39;3;4;4;1
2143;46;100;1;4;0
2144;62;20;3;2;1
2145;48;20;1;3;0
2146;63;20;1;3;0
2147;57;80;3;2;1
2148;58;48;4;2;2
2149;36;0;3;4;0
2150;51;20;1;4;0
2151;44;80;4;3;3
2152;40;0;1;4;0
2153;72;150;4;3;3
2154;64;40;4;4;3
2155;47;20;1;4;0
2156;37;10;1;3;1
2157;40;0;3;3;2
2158;43;200;4;2;3
2159;52;40;1;2;1
2160;32;0;1;4;0
2161;70;50;4;2;3
2162;43;200;4;3;3
2163;53;200;4;3;3
2164;65;20;1;4;0
2165;49;300;4;3;3
2166;64;160;3;4;1
2167;59;200;4;3;3
2168;58;0;3;4;0
2169;27;20;1;4;0
2170;51;150;4;3;3
2171;59;0;2;4;0
2172;38;50;2;4;0
2173;53;20;2;3;0
2174;32;0;1;3;0
2175;52;50;1;4;0
2176;41;150;4;3;3
2177;70;0;4;4;2
2178;21;20;3;4;0
2179;55;200;4;3;3
2180;65;32;4;2;1
2181;42;0;3;4;0
2182;73;30;4;2;2
2183;40;20;3;4;0
2184;52;30;1;4;0
2185;59;120;4;3;3
2186;35;150;4;3;3
2187;53;200;4;3;3
2188;61;0;4;4;0
2189;55;0;1;4;0
2190;59;250;4;3;3
2191;31;0;1;4;0
2192;55;200;4;3;3
2193;44;80;4;2;3
2194;26;0;2;4;1
2195;65;0;4;4;0
2196;47;30;4;2;3
2197;43;25;1;4;0
2198;50;30;4;4;3
2199;42;120;4;3;3
2200;53;50;4;4;1
2201;36;0;1;4;0
2202;56;0;4;2;3
2203;36;60;3;3;2
2204;44;120;4;3;3
2205;35;20;2;4;0
2206;42;80;4;3;3
2207;55;0;2;4;0
2208;34;0;1;4;0
2209;47;67;4;3;2
2210;40;0;3;4;0
2211;48;10;3;4;0
2212;34;120;3;2;2
2213;51;300;4;3;3
2214;53;10;3;2;1
2215;40;0;1;4;0
2216;73;0;1;3;0
2217;35;0;1;4;0
2218;48;230;4;3;3
2219;45;0;4;3;2
2220;45;3;2;3;1
2221;40;200;4;3;3
2222;40;600;4;3;3
2223;47;0;4;4;3
2224;29;0;1;3;0
2225;37;0;1;2;0
2226;64;40;4;2;3
2227;19;20;2;3;1
2228;50;150;4;3;3
2229;64;40;4;2;3
2230;40;20;4;3;2
2231;62;50;4;2;3
2232;43;3;4;2;0
2233;41;150;4;3;3
2234;39;21;3;3;2
2235;67;10;4;4;2
2236;51;100;4;2;3
2237;39;40;3;2;3
2238;51;300;4;3;3
2239;47;300;4;3;3
2240;41;80;4;3;3
2241;55;120;1;3;1
2242;53;30;1;3;0
2243;39;200;4;3;3
2244;41;20;4;3;3
2245;57;28;4;2;3
2246;40;0;1;3;0
2247;36;20;3;4;1
2248;44;500;4;2;3
2249;30;3;2;4;0
2250;44;500;4;3;3
2251;49;8;4;2;3
2252;42;7;3;3;0
2253;62;90;4;3;3
2254;35;50;4;2;0
2255;45;350;4;3;3
2256;57;50;3;3;2
2257;56;20;2;2;0
2258;27;20;1;3;0
2259;55;30;3;2;2
2260;46;15;2;2;1
2261;57;60;4;2;3
2262;65;100;4;2;3
2263;63;20;1;3;0
2264;57;135;4;3;3
2265;30;40;1;2;1
2266;52;1600;4;2;3
2267;55;0;1;4;0
2268;43;175;4;3;3
2269;34;40;3;2;1
2270;52;0;2;4;0
2271;34;200;4;3;3
2272;38;20;1;2;0
2273;57;20;4;2;3
2274;42;50;4;4;1
2275;48;100;4;3;3
2276;74;10;4;4;0
2277;33;500;3;3;3
2278;26;20;1;3;0
2279;55;500;4;3;3
2280;56;0;2;4;0
2281;44;30;3;3;2
2282;49;0;4;4;1
2283;44;20;1;3;0
2284;43;300;4;3;3
2285;64;250;4;3;3
2286;34;40;1;2;0
2287;62;3;3;4;0
2288;61;60;2;4;0
2289;30;600;4;3;3
2290;45;40;4;3;3
2291;47;200;3;3;3
2292;32;20;1;4;0
2293;42;300;4;3;3
2294;34;110;4;3;3
2295;51;30;3;4;1
2296;44;0;1;4;0
2297;59;1000;4;3;3
2298;50;30;4;2;2
2299;53;20;1;4;0
2300;67;80;4;3;3
2301;60;10;4;3;1
2302;58;20;1;4;0
2303;45;0;1;4;0
2304;61;300;4;3;3
2305;18;0;1;4;0
2306;58;200;4;3;3
2307;49;0;1;4;0
2308;44;80;4;3;3
2309;64;20;3;4;1
2310;40;200;4;4;3
2311;45;350;4;4;0
2312;59;60;4;3;3
2313;31;20;1;3;0
2314;45;300;4;3;3
2315;48;0;3;4;0
2316;69;130;4;3;2
2317;47;50;4;3;3
2318;43;175;4;3;3
2319;64;40;4;2;3
2320;47;200;4;3;3
2321;48;300;4;3;3
2322;67;20;1;4;0
2323;30;0;2;4;0
2324;45;350;4;3;3
2325;32;165;1;3;0
2326;51;0;1;4;0
2327;51;0;1;4;0
2328;50;0;1;4;0
2329;70;0;4;4;0
2330;36;60;4;4;3
2331;57;20;1;4;0
2332;48;0;1;4;0
2333;53;50;2;3;0
2334;44;200;4;3;3
2335;51;50;4;2;3
2336;42;10;3;3;2
2337;41;100;4;3;3
2338;53;220;4;3;3
2339;23;0;1;4;0
2340;37;0;1;4;0
2341;45;40;4;3;3
2342;58;1;2;4;0
2343;59;0;1;4;0
2344;71;72;4;3;2
2345;73;50;3;3;2
2346;64;20;1;4;0
2347;46;0;1;4;0
2348;34;200;4;3;3
2349;41;130;4;3;2
2350;65;0;1;4;0
2351;55;0;1;4;0
2352;43;200;4;2;3
2353;37;0;1;4;0
2354;34;80;4;2;3
2355;35;3;1;4;0
2356;40;20;2;4;1
2357;40;50;2;2;2
2358;62;90;4;3;3
2359;43;40;4;4;3
2360;37;20;1;3;0
2361;34;0;2;4;0
2362;42;200;4;3;3
2363;62;100;4;3;3
2364;24;0;1;4;0
2365;53;12;4;2;3
2366;41;150;4;2;3
2367;34;20;1;3;0
2368;32;50;4;4;3
2369;50;100;4;3;3
2370;60;38;4;2;2
2371;54;0;4;4;0
2372;44;30;1;3;0
2373;61;500;4;3;3
2374;35;0;1;3;0
2375;38;8;3;4;0
2376;32;20;1;3;0
2377;35;0;1;4;0
2378;64;300;4;4;3
2379;61;300;4;3;3
2380;59;100;4;4;3
2381;32;16;4;2;2
2382;29;450;4;3;3
2383;37;20;1;2;0
2384;48;0;1;4;0
2385;32;200;4;3;3
2386;43;350;4;3;3
2387;39;150;4;3;3
2388;57;20;1;3;0
2389;58;9;1;4;0
2390;45;0;4;4;0
2391;51;35;4;4;3
2392;40;11;3;4;0
2393;57;20;4;3;2
2394;57;700;4;3;3
2395;26;10;2;3;0
2396;52;0;2;4;0
2397;56;0;4;4;0
2398;73;7;2;3;1
2399;43;20;1;2;0
2400;32;8;1;3;0
2401;39;0;1;4;0
2402;49;0;1;4;0
2403;34;0;1;4;0
2404;52;0;2;4;0
2405;42;40;3;3;1
2406;35;20;1;4;0
2407;36;200;4;3;3
2408;69;0;1;4;0
2409;48;300;4;3;3
2410;30;50;2;4;0
2411;35;100;3;3;0
2412;53;0;1;4;0
2413;40;250;4;3;3
2414;18;0;1;3;0
2415;48;20;2;4;0
2416;50;30;3;4;0
2417;55;20;1;4;0
2418;23;0;4;4;1
2419;43;100;1;3;0
2420;63;100;4;3;0
2421;54;50;4;4;2
2422;59;40;2;2;1
2423;57;250;4;4;3
2424;45;0;1;4;0
2425;55;0;4;4;1
2426;26;0;1;4;0
2427;51;5;3;2;1
2428;33;0;1;4;0
2429;33;0;1;4;0
2430;40;0;3;4;0
2431;19;20;1;4;0
2432;46;10;4;4;0
2433;44;0;2;4;0
2434;40;150;4;3;3
2435;39;20;1;4;1
2436;65;25;4;4;0
2437;47;20;1;3;0
2438;62;20;1;4;0
2439;52;48;1;2;0
2440;27;0;1;4;0
2441;20;0;1;3;0
2442;33;0;1;4;0
2443;60;20;2;4;0
2444;50;200;4;3;3
2445;28;200;1;4;0
2446;36;0;1;4;0
2447;66;3;1;2;0
2448;54;100;1;3;0
2449;61;0;4;4;1
2450;34;1;1;2;1
2451;60;0;3;4;1
2452;74;20;4;4;3
2453;37;40;2;2;1
2454;49;250;4;3;3
2455;44;20;3;4;1
2456;19;20;2;3;0
2457;63;0;1;3;0
2458;68;20;1;4;0
2459;45;20;1;3;0
2460;66;50;3;3;1
2461;45;400;4;3;3
2462;29;10;2;2;0
2463;44;3;2;2;1
2464;57;18;3;4;0
2465;52;0;1;3;0
2466;50;10;2;4;1
2467;29;50;3;2;3
2468;43;1;2;4;0
2469;55;15;4;4;0
2470;54;0;1;4;0
2471;35;0;1;4;0
2472;36;2;2;4;0
2473;37;20;3;3;0
2474;38;0;1;2;0
2475;25;20;1;3;0
2476;47;0;1;4;0
2477;26;0;2;4;0
2478;32;0;1;3;0
2479;19;0;1;4;0
2480;54;8;1;3;0
2481;54;25;2;4;0
2482;36;15;3;3;0
2483;33;20;1;3;0
2484;50;15;3;2;1
2485;26;0;1;4;0
2486;35;20;1;3;0
2487;51;20;1;3;0
2488;59;0;1;4;0
2489;64;0;1;4;0
2490;28;0;1;4;0
2491;55;0;4;4;0
2492;65;3;1;3;0
2493;62;0;1;4;0
2494;34;0;1;4;0
2495;33;0;2;4;0
2496;18;20;1;3;1
2497;35;200;4;4;3
2498;59;0;1;3;0
2499;61;10;4;2;1
2500;38;10;1;3;0
2501;30;100;3;4;1
2502;57;40;4;3;1
2503;26;150;4;3;3
2504;39;20;1;4;0
2505;42;0;1;4;0
2506;31;0;3;4;0
2507;24;30;2;4;1
2508;30;0;4;3;3
2509;62;20;1;4;0
2510;44;0;1;4;0
2511;55;0;1;4;0
2512;58;160;4;3;3
2513;26;150;4;3;3
2514;39;150;4;3;3
2515;23;20;1;4;0
2516;61;200;4;3;3
2517;64;0;1;4;0
2518;36;20;1;4;0
2519;43;0;1;4;0
2520;22;0;1;3;0
2521;42;200;4;3;3
2522;55;0;1;4;0
2523;37;0;1;4;0
2524;24;200;4;3;3
2525;60;0;1;4;0
2526;31;0;3;4;0
2527;20;20;1;3;0
2528;40;0;2;4;0
2529;30;0;1;4;0
2530;33;20;2;4;0
2531;31;10;1;2;0
2532;58;300;4;3;3
2533;52;0;1;4;0
2534;36;35;3;4;0
2535;52;0;3;4;0
2536;29;200;4;3;3
2537;66;25;1;4;0
2538;46;40;1;4;0
2539;54;120;4;3;3
2540;57;700;4;3;3
2541;70;40;3;4;1
2542;32;20;3;4;1
2543;44;100;2;2;1
2544;62;0;4;4;1
2545;47;20;1;2;0
2546;66;0;2;3;0
2547;63;0;1;4;0
2548;60;0;1;4;0
2549;55;0;1;4;0
2550;17;0;1;3;0
2551;58;0;1;4;0
2552;46;300;4;3;3
2553;64;0;1;4;0
2554;52;20;1;4;0
2555;35;110;4;3;3
2556;63;0;4;4;0
2557;42;1000;4;3;3
2558;49;200;4;3;3
2559;54;0;1;4;0
2560;55;20;1;4;0
2561;25;10;1;3;0
2562;48;35;2;4;1
2563;29;30;2;3;1
2564;52;5;2;4;0
2565;60;0;2;4;0
2566;62;0;1;3;0
2567;47;0;1;4;0
2568;19;20;1;4;0
2569;31;8;1;4;0
2570;54;50;3;2;0
2571;46;40;1;2;0
2572;44;40;2;2;1
2573;43;20;2;3;0
2574;18;5;2;4;0
2575;65;0;1;4;0
2576;36;20;4;4;0
2577;28;0;1;4;0
2578;57;0;1;4;0
2579;26;0;1;3;0
2580;26;0;1;4;0
2581;43;20;1;3;0
2582;49;3;3;3;1
2583;50;20;4;4;2
2584;28;30;1;4;0
2585;62;20;1;4;0
2586;51;12;2;2;1
2587;66;20;1;4;0
2588;53;0;1;4;0
2589;41;0;1;4;0
2590;20;0;2;4;0
2591;33;20;1;3;0
2592;32;0;1;4;0
2593;47;50;4;3;3
2594;41;20;4;2;3
2595;28;1;1;4;0
2596;52;20;1;4;0
2597;18;0;3;4;0
2598;48;20;1;2;0
2599;64;80;4;4;3
2600;60;300;4;3;3
2601;22;20;3;4;0
2602;35;200;4;4;3
2603;50;80;4;4;3
2604;52;20;1;4;0
2605;41;150;4;3;3
2606;64;0;1;4;0
2607;51;15;2;4;0
2608;32;500;4;3;3
2609;32;0;2;4;0
2610;32;0;1;4;0
2611;26;20;1;4;0
2612;62;30;3;4;1
2613;41;20;3;2;1
2614;27;0;2;4;0
2615;40;250;4;3;3
2616;52;0;1;4;0
2617;48;0;2;4;0
2618;32;20;1;3;0
2619;69;50;4;4;3
2620;47;0;1;4;0
2621;41;0;1;4;0
2622;46;0;2;4;0
2623;55;0;1;4;0
2624;31;0;2;3;0
2625;55;200;4;3;3
2626;41;150;4;3;3
2627;18;20;2;4;0
2628;49;20;1;4;0
2629;49;20;1;3;0
2630;18;40;2;4;1
2631;52;20;2;4;0
2632;45;20;1;4;0
2633;28;0;1;4;0
2634;51;20;1;4;0
2635;34;0;1;4;0
2636;53;10;2;3;1
2637;43;20;4;4;2
2638;50;10;3;4;0
2639;50;0;1;4;0
2640;49;1;4;4;0
2641;45;400;4;3;3
2642;24;1;1;4;0
2643;32;20;1;4;0
2644;31;100;4;3;3
2645;53;20;3;4;1
2646;42;250;4;3;3
2647;53;10;1;3;1
2648;29;200;4;3;3
2649;39;0;1;4;0
2650;49;200;4;4;3
2651;41;150;4;3;3
2652;32;400;4;3;3
2653;57;0;1;4;0
2654;51;40;3;4;1
2655;32;6;3;4;1
2656;33;0;1;4;0
2657;51;0;1;4;0
2658;45;0;1;4;0
2659;39;5;2;3;1
2660;33;20;1;4;0
2661;40;20;1;4;0
2662;36;20;1;4;0
2663;28;0;1;4;0
2664;39;0;1;4;0
2665;58;2;3;4;1
2666;26;0;2;4;0
2667;47;200;4;3;3
2668;47;0;2;4;0
2669;29;0;1;4;0
2670;17;20;1;3;0
2671;37;20;1;3;0
2672;60;150;1;2;0
2673;41;0;1;3;0
2674;34;100;4;3;3
2675;15;0;1;4;0
2676;17;60;4;3;3
2677;54;8;3;2;0
2678;39;200;4;3;3
2679;56;250;4;3;3
2680;43;350;4;3;3
2681;30;0;3;4;0
2682;54;0;4;4;2
2683;35;10;3;4;0
2684;18;0;1;4;0
2685;41;25;1;3;1
2686;38;0;1;3;0
2687;21;20;1;3;0
2688;37;0;1;4;0
2689;46;10;1;4;0
2690;48;30;1;4;0
2691;63;20;4;4;2
2692;28;20;1;3;0
2693;34;100;4;3;3
2694;61;40;4;3;3
2695;29;1;2;4;0
2696;28;0;1;4;0
2697;35;0;1;3;0
2698;24;50;3;4;1
2699;32;10;3;3;1
2700;32;20;1;4;0
2701;60;1;4;4;2
2702;19;0;1;4;0
2703;50;10;2;4;0
2704;38;3;2;3;0
2705;50;20;1;4;0
2706;25;20;1;3;0
2707;39;200;4;3;3
2708;27;12;3;4;0
2709;67;0;1;3;0
2710;45;30;2;4;0
2711;33;18;2;2;0
2712;56;0;3;3;0
2713;23;0;1;4;0
2714;30;1;2;4;0
2715;56;300;4;3;3
2716;51;400;4;3;3
2717;25;0;1;4;0
2718;64;6;4;4;2
2719;17;1;1;4;0
2720;40;0;1;4;0
2721;64;0;1;4;0
2722;42;30;1;3;0
2723;59;0;1;4;0
2724;39;20;1;4;0
2725;25;20;1;4;0
2726;31;20;1;3;0
2727;19;0;1;4;0
2728;63;0;1;3;0
2729;43;1;2;4;0
2730;41;300;4;3;3
2731;37;35;2;3;0
2732;49;0;1;4;0
2733;55;20;1;4;0
2734;67;115;4;3;3
2735;59;20;1;3;0
2736;25;10;1;4;0
2737;53;250;3;3;3
2738;39;200;4;3;3
2739;39;200;4;3;3
2740;14;0;1;4;0
2741;18;0;4;4;0
2742;33;13;3;4;1
2743;28;0;1;3;0
2744;25;0;1;4;0
2745;61;20;1;4;0
2746;43;0;1;4;0
2747;29;0;1;3;0
2748;73;100;4;3;2
2749;40;200;4;3;3
2750;34;20;1;3;0
2751;41;100;4;3;3
2752;51;250;4;3;3
2753;38;150;4;3;3
2754;47;200;4;3;3
2755;50;80;4;3;3
2756;45;0;4;4;1
2757;35;0;1;4;0
2758;23;20;2;4;0
2759;39;0;1;4;0
2760;57;0;4;3;2
2761;33;0;1;4;0
2762;32;20;3;4;1
2763;41;0;2;4;0
2764;32;3;1;2;0
2765;33;150;1;4;0
2766;23;0;1;4;0
2767;25;0;1;4;0
2768;40;500;4;3;3
2769;60;20;1;4;0
2770;46;0;1;4;0
2771;49;20;1;2;1
2772;34;1;1;4;0
2773;58;0;1;4;0
2774;56;40;4;3;1
2775;51;0;1;4;0
2776;31;120;4;3;3
2777;37;20;2;4;0
2778;67;0;1;4;0
2779;23;20;1;3;0
2780;43;0;1;4;0
2781;51;20;4;3;3
2782;60;120;4;3;3
2783;62;40;1;3;1
2784;29;20;1;2;0
2785;49;20;1;4;0
2786;40;20;1;4;0
2787;24;20;1;4;0
2788;24;20;1;3;0
2789;34;0;1;2;0
2790;42;0;1;4;0
2791;17;70;2;3;2
2792;30;20;1;3;0
